step, sense_time, move_deposit, diffusion
0,0.02518010139465332,0.0023937225341796875,0.0050351619720458984
1,0.014693737030029297,0.001596212387084961,0.001667022705078125
2,0.011825084686279297,0.0013301372528076172,0.001344919204711914
3,0.010342836380004883,0.00115203857421875,0.0012848377227783203
4,0.010221004486083984,0.0011472702026367188,0.0011622905731201172
5,0.010140180587768555,0.0011110305786132812,0.0011677742004394531
6,0.010567903518676758,0.0012559890747070312,0.0011320114135742188
7,0.010198831558227539,0.0011129379272460938,0.0011658668518066406
8,0.010156869888305664,0.0011949539184570312,0.001293182373046875
9,0.010220050811767578,0.0011129379272460938,0.00121307373046875
10,0.010158777236938477,0.0011382102966308594,0.0013561248779296875
11,0.009394168853759766,0.0014243125915527344,0.0014317035675048828
12,0.009107828140258789,0.001107931137084961,0.0011677742004394531
13,0.009093046188354492,0.0010900497436523438,0.001088857650756836
14,0.009074926376342773,0.0010302066802978516,0.0011339187622070312
15,0.009088993072509766,0.0011248588562011719,0.001046895980834961
16,0.008752107620239258,0.0009636878967285156,0.0011839866638183594
17,0.009989738464355469,0.0011761188507080078,0.0010771751403808594
18,0.010130167007446289,0.0010960102081298828,0.0012040138244628906
19,0.010186910629272461,0.0011210441589355469,0.0012009143829345703
20,0.009418964385986328,0.0011641979217529297,0.0013971328735351562
21,0.010370969772338867,0.0011699199676513672,0.001177072525024414
22,0.009904146194458008,0.001110076904296875,0.000986337661743164
23,0.010445117950439453,0.0012187957763671875,0.0010190010070800781
24,0.010506153106689453,0.0011720657348632812,0.0011899471282958984
25,0.009211301803588867,0.0011110305786132812,0.0011107921600341797
26,0.009467840194702148,0.001146078109741211,0.0014009475708007812
27,0.009459972381591797,0.0011870861053466797,0.0012059211730957031
28,0.009189844131469727,0.0010521411895751953,0.0010650157928466797
29,0.009160041809082031,0.0010559558868408203,0.0011560916900634766
30,0.009393930435180664,0.0010950565338134766,0.0012688636779785156
31,0.009270668029785156,0.0010790824890136719,0.0012111663818359375
32,0.009109735488891602,0.0010521411895751953,0.001065969467163086
33,0.009331226348876953,0.0012180805206298828,0.0010640621185302734
34,0.009254217147827148,0.0011510848999023438,0.0013432502746582031
35,0.00917506217956543,0.0011148452758789062,0.0010280609130859375
36,0.009156942367553711,0.0010669231414794922,0.0011818408966064453
37,0.009144067764282227,0.0010378360748291016,0.0011792182922363281
38,0.009224891662597656,0.0010852813720703125,0.0011529922485351562
39,0.009299755096435547,0.0011267662048339844,0.0018320083618164062
40,0.009228229522705078,0.0010790824890136719,0.0011398792266845703
41,0.009000778198242188,0.0011446475982666016,0.0010411739349365234
42,0.008959054946899414,0.0010519027709960938,0.001077890396118164
43,0.009125947952270508,0.0010380744934082031,0.0012307167053222656
44,0.009130239486694336,0.0011639595031738281,0.0012443065643310547
45,0.009244918823242188,0.001165151596069336,0.0012099742889404297
46,0.009075164794921875,0.0010688304901123047,0.0011551380157470703
47,0.009112119674682617,0.0010328292846679688,0.0010249614715576172
48,0.009105205535888672,0.0010423660278320312,0.0011279582977294922
49,0.00886392593383789,0.0011131763458251953,0.0014348030090332031
50,0.010046958923339844,0.001129150390625,0.0011899471282958984
51,0.010326862335205078,0.0011000633239746094,0.0010900497436523438
52,0.010294675827026367,0.0011038780212402344,0.0011582374572753906
53,0.010333776473999023,0.0011038780212402344,0.0010743141174316406
54,0.010376930236816406,0.001119852066040039,0.0011909008026123047
55,0.010257959365844727,0.0011053085327148438,0.0012080669403076172
56,0.010344982147216797,0.0011289119720458984,0.001100778579711914
57,0.010351181030273438,0.0011069774627685547,0.0010750293731689453
58,0.010219812393188477,0.0011239051818847656,0.0010650157928466797
59,0.010212898254394531,0.0010960102081298828,0.0012850761413574219
60,0.010303020477294922,0.0011289119720458984,0.0010440349578857422
61,0.010262012481689453,0.0011057853698730469,0.0012202262878417969
62,0.010372161865234375,0.0011501312255859375,0.001093149185180664
63,0.010297775268554688,0.0011150836944580078,0.0011348724365234375
64,0.010252952575683594,0.0011050701141357422,0.0013279914855957031
65,0.010220050811767578,0.0010960102081298828,0.0012350082397460938
66,0.010272979736328125,0.0012218952178955078,0.0011000633239746094
67,0.010244131088256836,0.0010919570922851562,0.0010616779327392578
68,0.010333061218261719,0.0011982917785644531,0.001077890396118164
69,0.010255098342895508,0.0011310577392578125,0.0011179447174072266
70,0.01042795181274414,0.001238107681274414,0.0010991096496582031
71,0.0101318359375,0.0010981559753417969,0.0010988712310791016
72,0.01023721694946289,0.0011069774627685547,0.0010988712310791016
73,0.010252952575683594,0.0011129379272460938,0.0010960102081298828
74,0.010226011276245117,0.0010950565338134766,0.001110076904296875
75,0.010219097137451172,0.001096963882446289,0.001065969467163086
76,0.010166168212890625,0.001104116439819336,0.0011479854583740234
77,0.010339021682739258,0.0011110305786132812,0.001132965087890625
78,0.01025080680847168,0.0011022090911865234,0.0011458396911621094
79,0.010288000106811523,0.0011169910430908203,0.0012409687042236328
80,0.010275125503540039,0.0011022090911865234,0.0011298656463623047
81,0.010231971740722656,0.0011167526245117188,0.0012509822845458984
82,0.010194063186645508,0.0011110305786132812,0.001104116439819336
83,0.010302066802978516,0.0011293888092041016,0.0010330677032470703
84,0.010426998138427734,0.0011348724365234375,0.0011570453643798828
85,0.010262012481689453,0.0011310577392578125,0.0012459754943847656
86,0.010322809219360352,0.0010919570922851562,0.0010418891906738281
87,0.010300159454345703,0.0012171268463134766,0.0010879039764404297
88,0.010270118713378906,0.0010972023010253906,0.0010528564453125
89,0.009331226348876953,0.0011200904846191406,0.0010890960693359375
90,0.00936126708984375,0.0010440349578857422,0.0010151863098144531
91,0.01004171371459961,0.0011088848114013672,0.0011730194091796875
92,0.010287284851074219,0.0010960102081298828,0.0011241436004638672
93,0.010303020477294922,0.0011088848114013672,0.0011379718780517578
94,0.010281801223754883,0.0010960102081298828,0.0011241436004638672
95,0.010256290435791016,0.0011098384857177734,0.0011599063873291016
96,0.01023721694946289,0.0011129379272460938,0.0010449886322021484
97,0.01047825813293457,0.0011620521545410156,0.0012171268463134766
98,0.010381937026977539,0.0011148452758789062,0.0011210441589355469
99,0.010349035263061523,0.0011131763458251953,0.0011670589447021484
100,0.01036691665649414,0.0011069774627685547,0.0010960102081298828
101,0.010307073593139648,0.0012133121490478516,0.0010991096496582031
102,0.010259151458740234,0.0010941028594970703,0.0011081695556640625
103,0.010348796844482422,0.001203298568725586,0.0010929107666015625
104,0.01032114028930664,0.0010979175567626953,0.0010840892791748047
105,0.009104013442993164,0.0011780261993408203,0.0010581016540527344
106,0.009027957916259766,0.0009899139404296875,0.0009260177612304688
107,0.010048151016235352,0.001194000244140625,0.001096963882446289
108,0.01036381721496582,0.0011026859283447266,0.0010609626770019531
109,0.010288000106811523,0.001104116439819336,0.0010559558868408203
110,0.010432004928588867,0.0011188983917236328,0.0010633468627929688
111,0.010246992111206055,0.0011000633239746094,0.0011048316955566406
112,0.010439157485961914,0.0011000633239746094,0.0011188983917236328
113,0.010401010513305664,0.0010981559753417969,0.0010869503021240234
114,0.010329961776733398,0.0011081695556640625,0.0010402202606201172
115,0.010323047637939453,0.0011031627655029297,0.0010929107666015625
116,0.010330915451049805,0.0011029243469238281,0.0010159015655517578
117,0.010276079177856445,0.0010960102081298828,0.0010781288146972656
118,0.010347843170166016,0.0010998249053955078,0.0011682510375976562
119,0.010392904281616211,0.0011069774627685547,0.001049041748046875
120,0.010400056838989258,0.0011150836944580078,0.001013040542602539
121,0.010376930236816406,0.0011098384857177734,0.00113677978515625
122,0.010331153869628906,0.0011150836944580078,0.0010480880737304688
123,0.010448932647705078,0.0011289119720458984,0.0011379718780517578
124,0.010433197021484375,0.001094818115234375,0.0010640621185302734
125,0.01041412353515625,0.0010821819305419922,0.0011301040649414062
126,0.01042795181274414,0.0011239051818847656,0.0010957717895507812
127,0.010348081588745117,0.0011038780212402344,0.0011289119720458984
128,0.010376214981079102,0.0011272430419921875,0.0011217594146728516
129,0.010380983352661133,0.0010917186737060547,0.001146078109741211
130,0.010371208190917969,0.0011889934539794922,0.0010790824890136719
131,0.010365009307861328,0.0011038780212402344,0.001013040542602539
132,0.010339736938476562,0.0011179447174072266,0.0010857582092285156
133,0.010509252548217773,0.0011372566223144531,0.0012059211730957031
134,0.010444164276123047,0.0011310577392578125,0.0010690689086914062
135,0.010317087173461914,0.0010962486267089844,0.001110076904296875
136,0.010316848754882812,0.0011188983917236328,0.0011363029479980469
137,0.010332822799682617,0.00109100341796875,0.0011322498321533203
138,0.01029205322265625,0.0011038780212402344,0.0010440349578857422
139,0.010348796844482422,0.0011038780212402344,0.0011508464813232422
140,0.010409832000732422,0.001123189926147461,0.0012938976287841797
141,0.010323047637939453,0.0010962486267089844,0.0012938976287841797
142,0.010279178619384766,0.0011258125305175781,0.001033782958984375
143,0.010418176651000977,0.0011107921600341797,0.001149892807006836
144,0.01031494140625,0.0011210441589355469,0.0010938644409179688
145,0.01042795181274414,0.0011069774627685547,0.0011799335479736328
146,0.010354995727539062,0.0011239051818847656,0.0010559558868408203
147,0.010456085205078125,0.0011179447174072266,0.0011928081512451172
148,0.010318279266357422,0.0011169910430908203,0.001138925552368164
149,0.010393857955932617,0.0011131763458251953,0.0012660026550292969
150,0.01039576530456543,0.0011227130889892578,0.0010769367218017578
151,0.010293006896972656,0.0011000633239746094,0.0011658668518066406
152,0.010329008102416992,0.0011110305786132812,0.0010921955108642578
153,0.01044917106628418,0.0011458396911621094,0.001043081283569336
154,0.010054826736450195,0.0011298656463623047,0.0012660026550292969
155,0.010265111923217773,0.0011110305786132812,0.0011320114135742188
156,0.010435104370117188,0.0012149810791015625,0.0011298656463623047
157,0.010341882705688477,0.0010929107666015625,0.0011069774627685547
158,0.010340213775634766,0.0010979175567626953,0.0010390281677246094
159,0.010391712188720703,0.0010991096496582031,0.0011301040649414062
160,0.010318756103515625,0.0011210441589355469,0.0009191036224365234
161,0.010276079177856445,0.001107931137084961,0.0009148120880126953
162,0.010342836380004883,0.0011420249938964844,0.001313924789428711
163,0.009074926376342773,0.0010671615600585938,0.0010051727294921875
164,0.009088993072509766,0.0010197162628173828,0.0010280609130859375
165,0.009984016418457031,0.0011069774627685547,0.0011429786682128906
166,0.010242938995361328,0.0011048316955566406,0.0010960102081298828
167,0.01027679443359375,0.0011150836944580078,0.00110626220703125
168,0.010313272476196289,0.0011019706726074219,0.0010271072387695312
169,0.010362863540649414,0.0011849403381347656,0.00110626220703125
170,0.010238885879516602,0.0011169910430908203,0.0009799003601074219
171,0.010195016860961914,0.0011150836944580078,0.0011119842529296875
172,0.010232686996459961,0.0011031627655029297,0.0012090206146240234
173,0.010328054428100586,0.001110076904296875,0.0010709762573242188
174,0.010321855545043945,0.0011889934539794922,0.0011031627655029297
175,0.010279178619384766,0.001135110855102539,0.0011248588562011719
176,0.010299205780029297,0.0011019706726074219,0.0010018348693847656
177,0.010241985321044922,0.0011150836944580078,0.0011510848999023438
178,0.010207176208496094,0.0010900497436523438,0.001043081283569336
179,0.010226964950561523,0.0011188983917236328,0.0010807514190673828
180,0.010213851928710938,0.0010900497436523438,0.001008749008178711
181,0.010214090347290039,0.0011332035064697266,0.001153707504272461
182,0.010239124298095703,0.001096963882446289,0.0010709762573242188
183,0.010293006896972656,0.0011229515075683594,0.0009911060333251953
184,0.010275125503540039,0.0010919570922851562,0.0010600090026855469
185,0.010287046432495117,0.0011067390441894531,0.0010678768157958984
186,0.010325908660888672,0.0010957717895507812,0.001149892807006836
187,0.010304927825927734,0.0011162757873535156,0.0010991096496582031
188,0.010300874710083008,0.0010960102081298828,0.0011310577392578125
189,0.010162115097045898,0.001110076904296875,0.001094818115234375
190,0.010169029235839844,0.0010838508605957031,0.0010912418365478516
191,0.010351896286010742,0.0011110305786132812,0.0011348724365234375
192,0.010342836380004883,0.0011069774627685547,0.0010480880737304688
193,0.01028299331665039,0.0011179447174072266,0.0011069774627685547
194,0.010296106338500977,0.0011048316955566406,0.0012280941009521484
195,0.010289907455444336,0.0012102127075195312,0.0010690689086914062
196,0.010355949401855469,0.001135110855102539,0.0010800361633300781
197,0.010262012481689453,0.0011949539184570312,0.0011126995086669922
198,0.010303974151611328,0.0010943412780761719,0.0009946823120117188
199,0.010375261306762695,0.0011301040649414062,0.0009441375732421875
200,0.010257244110107422,0.0011129379272460938,0.0009241104125976562
201,0.010174989700317383,0.0011029243469238281,0.0009279251098632812
202,0.010302066802978516,0.0011048316955566406,0.0010638236999511719
203,0.010190010070800781,0.0011057853698730469,0.0011169910430908203
204,0.010170221328735352,0.0011038780212402344,0.0012240409851074219
205,0.010273218154907227,0.0011641979217529297,0.0010428428649902344
206,0.010258197784423828,0.0011088848114013672,0.001138925552368164
207,0.010261058807373047,0.0010979175567626953,0.001068115234375
208,0.010247945785522461,0.001112222671508789,0.0010297298431396484
209,0.010268926620483398,0.001093149185180664,0.0009160041809082031
210,0.010269880294799805,0.0011129379272460938,0.0010182857513427734
211,0.010133028030395508,0.0010771751403808594,0.0010440349578857422
212,0.01014399528503418,0.0011169910430908203,0.0010418891906738281
213,0.010237932205200195,0.0010917186737060547,0.0011420249938964844
214,0.01020193099975586,0.0011229515075683594,0.0010449886322021484
215,0.01021575927734375,0.0010869503021240234,0.0011260509490966797
216,0.010296821594238281,0.0011157989501953125,0.0011572837829589844
217,0.010196208953857422,0.0011031627655029297,0.001043081283569336
218,0.010205984115600586,0.001119852066040039,0.0010561943054199219
219,0.010219097137451172,0.0010979175567626953,0.001043081283569336
220,0.010230064392089844,0.0011119842529296875,0.0010120868682861328
221,0.010230064392089844,0.0010962486267089844,0.0010879039764404297
222,0.010164976119995117,0.0011017322540283203,0.0009131431579589844
223,0.010160207748413086,0.0010857582092285156,0.0009129047393798828
224,0.010233163833618164,0.0011091232299804688,0.0011341571807861328
225,0.010223150253295898,0.0010900497436523438,0.0010569095611572266
226,0.010247945785522461,0.0011210441589355469,0.0011441707611083984
227,0.010209083557128906,0.0010950565338134766,0.0011501312255859375
228,0.010205268859863281,0.0011072158813476562,0.0010640621185302734
229,0.01015782356262207,0.001107931137084961,0.0010459423065185547
230,0.010235071182250977,0.0011010169982910156,0.0009160041809082031
231,0.010204792022705078,0.0011022090911865234,0.0009989738464355469
232,0.010182857513427734,0.0011022090911865234,0.0009481906890869141
233,0.010207891464233398,0.0010929107666015625,0.0011250972747802734
234,0.010134696960449219,0.0011098384857177734,0.001001119613647461
235,0.010210990905761719,0.0010941028594970703,0.0010886192321777344
236,0.010212898254394531,0.0011098384857177734,0.0010211467742919922
237,0.00925588607788086,0.0010709762573242188,0.001007080078125
238,0.009093761444091797,0.0010828971862792969,0.0008721351623535156
239,0.00996708869934082,0.0011031627655029297,0.0009188652038574219
240,0.010259866714477539,0.0011022090911865234,0.0009260177612304688
241,0.01034092903137207,0.0011260509490966797,0.0010762214660644531
242,0.010382890701293945,0.0011379718780517578,0.00115203857421875
243,0.010246038436889648,0.0011060237884521484,0.001149892807006836
244,0.010173797607421875,0.0010979175567626953,0.001251220703125
245,0.010184049606323242,0.0011000633239746094,0.0010251998901367188
246,0.01019597053527832,0.0012068748474121094,0.001081228256225586
247,0.010208845138549805,0.0011091232299804688,0.0010471343994140625
248,0.010200023651123047,0.0010900497436523438,0.0010559558868408203
249,0.010271787643432617,0.0011248588562011719,0.0010538101196289062
250,0.010241031646728516,0.0010859966278076172,0.0010428428649902344
251,0.010262727737426758,0.0011188983917236328,0.0009181499481201172
252,0.010237932205200195,0.001088857650756836,0.0009171962738037109
253,0.010272026062011719,0.001107931137084961,0.001123189926147461
254,0.01025390625,0.0010869503021240234,0.0010209083557128906
255,0.010255098342895508,0.0011200904846191406,0.0010488033294677734
256,0.010292291641235352,0.001088857650756836,0.0011200904846191406
257,0.010281801223754883,0.0011053085327148438,0.0012500286102294922
258,0.010155916213989258,0.001085042953491211,0.0010440349578857422
259,0.010181188583374023,0.001111745834350586,0.0010061264038085938
260,0.010137081146240234,0.0011000633239746094,0.0010952949523925781
261,0.010175943374633789,0.0011038780212402344,0.0010437965393066406
262,0.010215282440185547,0.001104116439819336,0.001043081283569336
263,0.010190248489379883,0.001096963882446289,0.0009160041809082031
264,0.0102691650390625,0.0011110305786132812,0.0010538101196289062
265,0.010241985321044922,0.0011012554168701172,0.0009169578552246094
266,0.010253190994262695,0.0010879039764404297,0.00092315673828125
267,0.010251045227050781,0.0011019706726074219,0.0010058879852294922
268,0.010248899459838867,0.0011000633239746094,0.0010402202606201172
269,0.010290861129760742,0.0011200904846191406,0.0010542869567871094
270,0.010220050811767578,0.0011098384857177734,0.0010879039764404297
271,0.010066986083984375,0.0011200904846191406,0.0010590553283691406
272,0.010194063186645508,0.0011219978332519531,0.0011587142944335938
273,0.010447978973388672,0.001154184341430664,0.0011069774627685547
274,0.010298967361450195,0.001096963882446289,0.0010519027709960938
275,0.010268926620483398,0.0011131763458251953,0.0011458396911621094
276,0.010193109512329102,0.0011050701141357422,0.0011529922485351562
277,0.010162830352783203,0.0010998249053955078,0.0010170936584472656
278,0.010430097579956055,0.0011477470397949219,0.0011229515075683594
279,0.01025533676147461,0.0010979175567626953,0.0010182857513427734
280,0.009844779968261719,0.0011069774627685547,0.0009181499481201172
281,0.010275125503540039,0.0010848045349121094,0.0010590553283691406
282,0.010254859924316406,0.0011179447174072266,0.0011539459228515625
283,0.010257244110107422,0.0010890960693359375,0.001058816909790039
284,0.010261058807373047,0.0011162757873535156,0.0012218952178955078
285,0.010254859924316406,0.0010869503021240234,0.0010111331939697266
286,0.010313034057617188,0.0011188983917236328,0.0011599063873291016
287,0.010261058807373047,0.0011112689971923828,0.001049041748046875
288,0.010212182998657227,0.0011169910430908203,0.0009920597076416016
289,0.010281085968017578,0.0011000633239746094,0.0011000633239746094
290,0.010242700576782227,0.0011188983917236328,0.0011608600616455078
291,0.010217905044555664,0.0010957717895507812,0.0010581016540527344
292,0.01021718978881836,0.0011107921600341797,0.0010919570922851562
293,0.01019430160522461,0.0011000633239746094,0.0010561943054199219
294,0.010210037231445312,0.0010950565338134766,0.001077890396118164
295,0.010255098342895508,0.0011050701141357422,0.0010387897491455078
296,0.010195016860961914,0.0011081695556640625,0.0009131431579589844
297,0.01020503044128418,0.0010881423950195312,0.001049041748046875
298,0.010249137878417969,0.0011010169982910156,0.0010199546813964844
299,0.010136127471923828,0.0011279582977294922,0.0010459423065185547
300,0.010110139846801758,0.0011048316955566406,0.0009160041809082031
301,0.010208845138549805,0.0011110305786132812,0.001039743423461914
302,0.010236024856567383,0.0011069774627685547,0.0011467933654785156
303,0.010166168212890625,0.0011000633239746094,0.0010437965393066406
304,0.010187149047851562,0.0011148452758789062,0.0009169578552246094
305,0.010213136672973633,0.0011169910430908203,0.0010597705841064453
306,0.010202884674072266,0.0011057853698730469,0.0010440349578857422
307,0.01023721694946289,0.0011110305786132812,0.0010118484497070312
308,0.010185956954956055,0.0011053085327148438,0.0011510848999023438
309,0.010133981704711914,0.0010938644409179688,0.0009338855743408203
310,0.010186195373535156,0.0011010169982910156,0.0011091232299804688
311,0.010374784469604492,0.0012099742889404297,0.0012819766998291016
312,0.009485721588134766,0.0011670589447021484,0.0010628700256347656
313,0.009220123291015625,0.0010340213775634766,0.0009529590606689453
314,0.010318756103515625,0.001332998275756836,0.001277923583984375
315,0.01353597640991211,0.0020971298217773438,0.0013928413391113281
316,0.010433197021484375,0.0012679100036621094,0.00140380859375
317,0.009532928466796875,0.0010852813720703125,0.0010259151458740234
318,0.010210990905761719,0.0012350082397460938,0.0009670257568359375
319,0.010348081588745117,0.0011260509490966797,0.0010251998901367188
320,0.01032710075378418,0.0011072158813476562,0.0010631084442138672
321,0.010210990905761719,0.0011320114135742188,0.001135110855102539
322,0.01020503044128418,0.001094818115234375,0.0009250640869140625
323,0.010171890258789062,0.001116037368774414,0.001058816909790039
324,0.010196924209594727,0.0011017322540283203,0.0010712146759033203
325,0.01022195816040039,0.00115203857421875,0.0011532306671142578
326,0.010232686996459961,0.0010843276977539062,0.0010569095611572266
327,0.010261058807373047,0.0011241436004638672,0.0010960102081298828
328,0.010270833969116211,0.001107931137084961,0.001035928726196289
329,0.010168075561523438,0.0011126995086669922,0.0010521411895751953
330,0.010222196578979492,0.0010907649993896484,0.0010409355163574219
331,0.010185956954956055,0.0011162757873535156,0.001058816909790039
332,0.010168075561523438,0.0011017322540283203,0.001071929931640625
333,0.010242700576782227,0.0011250972747802734,0.0010960102081298828
334,0.010208845138549805,0.0010852813720703125,0.0010459423065185547
335,0.010226011276245117,0.0011210441589355469,0.0010249614715576172
336,0.010225772857666016,0.0011010169982910156,0.001050710678100586
337,0.010231733322143555,0.0011110305786132812,0.0011219978332519531
338,0.010178089141845703,0.0010962486267089844,0.0010178089141845703
339,0.010158061981201172,0.0010950565338134766,0.0009160041809082031
340,0.010246753692626953,0.0011038780212402344,0.001062154769897461
341,0.010202884674072266,0.0011017322540283203,0.0011110305786132812
342,0.01027989387512207,0.0011188983917236328,0.0010571479797363281
343,0.010188817977905273,0.0011227130889892578,0.001209259033203125
344,0.010239124298095703,0.0011241436004638672,0.0011091232299804688
345,0.01017904281616211,0.0011119842529296875,0.0010519027709960938
346,0.010376930236816406,0.0011248588562011719,0.001107931137084961
347,0.010245084762573242,0.0011126995086669922,0.0010578632354736328
348,0.010250091552734375,0.0011088848114013672,0.0010480880737304688
349,0.010236978530883789,0.0011029243469238281,0.0010917186737060547
350,0.010390996932983398,0.0011658668518066406,0.0010018348693847656
351,0.010257244110107422,0.0011260509490966797,0.0011539459228515625
352,0.010352134704589844,0.0011420249938964844,0.0010538101196289062
353,0.010242938995361328,0.0011081695556640625,0.0009949207305908203
354,0.0102081298828125,0.0011119842529296875,0.0010409355163574219
355,0.010246038436889648,0.0011010169982910156,0.0009250640869140625
356,0.010249137878417969,0.00110626220703125,0.0010478496551513672
357,0.010248184204101562,0.0011019706726074219,0.0010869503021240234
358,0.01025700569152832,0.0011000633239746094,0.001007080078125
359,0.010255098342895508,0.0010952949523925781,0.0009191036224365234
360,0.010119199752807617,0.0011179447174072266,0.001055002212524414
361,0.010182857513427734,0.0010869503021240234,0.0009200572967529297
362,0.010198831558227539,0.0011210441589355469,0.0009191036224365234
363,0.01022791862487793,0.0010957717895507812,0.0011048316955566406
364,0.010206937789916992,0.0011227130889892578,0.0011131763458251953
365,0.010276317596435547,0.001094818115234375,0.0010192394256591797
366,0.010313987731933594,0.001132965087890625,0.0010528564453125
367,0.010293006896972656,0.0010941028594970703,0.001096963882446289
368,0.010157108306884766,0.0011169910430908203,0.0010461807250976562
369,0.010197639465332031,0.0010807514190673828,0.001093149185180664
370,0.010178089141845703,0.0011138916015625,0.0010521411895751953
371,0.010193109512329102,0.0011072158813476562,0.0010418891906738281
372,0.010267972946166992,0.0011208057403564453,0.0010099411010742188
373,0.010212898254394531,0.0010938644409179688,0.0010530948638916016
374,0.010302066802978516,0.0011119842529296875,0.0010440349578857422
375,0.010246753692626953,0.0011010169982910156,0.0011148452758789062
376,0.010254859924316406,0.0011210441589355469,0.000926971435546875
377,0.010191202163696289,0.0010788440704345703,0.0010371208190917969
378,0.010249137878417969,0.0011167526245117188,0.001130819320678711
379,0.010271072387695312,0.001110076904296875,0.001065969467163086
380,0.010247230529785156,0.0011229515075683594,0.0009310245513916016
381,0.010217905044555664,0.001096963882446289,0.0010180473327636719
382,0.01023411750793457,0.0011019706726074219,0.0009138584136962891
383,0.01024007797241211,0.0011050701141357422,0.0010061264038085938
384,0.010242938995361328,0.0011060237884521484,0.0009441375732421875
385,0.010286092758178711,0.0011031627655029297,0.0010540485382080078
386,0.010062932968139648,0.0011279582977294922,0.0009019374847412109
387,0.009385108947753906,0.0011126995086669922,0.0008819103240966797
388,0.010011911392211914,0.0011141300201416016,0.0010890960693359375
389,0.01046895980834961,0.001180887222290039,0.0011470317840576172
390,0.010247945785522461,0.0011119842529296875,0.00102996826171875
391,0.010267972946166992,0.0011200904846191406,0.0010569095611572266
392,0.008783817291259766,0.0010330677032470703,0.0009541511535644531
393,0.00877690315246582,0.0009920597076416016,0.0010509490966796875
394,0.008749008178710938,0.0010030269622802734,0.000982046127319336
395,0.009067773818969727,0.001032114028930664,0.0008692741394042969
396,0.009337902069091797,0.0010979175567626953,0.0011069774627685547
397,0.010075807571411133,0.0011990070343017578,0.0010449886322021484
398,0.008729219436645508,0.0009760856628417969,0.001007080078125
399,0.009013891220092773,0.001074075698852539,0.0008721351623535156
400,0.009064912796020508,0.0010230541229248047,0.0011000633239746094
401,0.009079933166503906,0.0010440349578857422,0.0010790824890136719
402,0.009076118469238281,0.0010290145874023438,0.0008628368377685547
403,0.009103059768676758,0.001068115234375,0.0008809566497802734
404,0.00911092758178711,0.0010499954223632812,0.0011241436004638672
405,0.009026050567626953,0.0010492801666259766,0.0010020732879638672
406,0.008966207504272461,0.001024007797241211,0.0009541511535644531
407,0.00900888442993164,0.0010380744934082031,0.0008881092071533203
408,0.008977890014648438,0.0010161399841308594,0.0008451938629150391
409,0.009192228317260742,0.0010309219360351562,0.0008807182312011719
410,0.008669853210449219,0.0010156631469726562,0.0009279251098632812
411,0.008572101593017578,0.0009968280792236328,0.0009169578552246094
412,0.009103059768676758,0.0010690689086914062,0.0010132789611816406
413,0.008593320846557617,0.0010149478912353516,0.0009481906890869141
414,0.00900888442993164,0.0010368824005126953,0.0010120868682861328
415,0.009194135665893555,0.00109100341796875,0.0008349418640136719
416,0.008692026138305664,0.0010318756103515625,0.0009779930114746094
417,0.009165048599243164,0.0010251998901367188,0.0009362697601318359
418,0.00919485092163086,0.0010800361633300781,0.0010180473327636719
419,0.009436845779418945,0.0011661052703857422,0.0011239051818847656
420,0.009267091751098633,0.0011630058288574219,0.001050710678100586
421,0.008852958679199219,0.0010042190551757812,0.001043081283569336
422,0.009351968765258789,0.0012259483337402344,0.0013370513916015625
423,0.008861064910888672,0.0009958744049072266,0.0008220672607421875
424,0.009308338165283203,0.0010807514190673828,0.0010018348693847656
425,0.009245872497558594,0.0010437965393066406,0.0008709430694580078
426,0.010055303573608398,0.001194000244140625,0.0009441375732421875
427,0.00872492790222168,0.001007080078125,0.0009429454803466797
428,0.009016036987304688,0.001026153564453125,0.0009710788726806641
429,0.008610010147094727,0.00098419189453125,0.0008261203765869141
430,0.008656978607177734,0.0010352134704589844,0.0010008811950683594
431,0.009159088134765625,0.001077890396118164,0.0011119842529296875
432,0.009068012237548828,0.0010609626770019531,0.0010161399841308594
433,0.009153127670288086,0.0011179447174072266,0.001065969467163086
434,0.00932002067565918,0.0011157989501953125,0.0010380744934082031
435,0.009338140487670898,0.0011038780212402344,0.0012669563293457031
436,0.00906991958618164,0.0010821819305419922,0.0009889602661132812
437,0.009346723556518555,0.0010769367218017578,0.0010898113250732422
438,0.009254932403564453,0.0010890960693359375,0.0010080337524414062
439,0.009048938751220703,0.0010528564453125,0.0009951591491699219
440,0.009068012237548828,0.001039743423461914,0.0011479854583740234
441,0.00974893569946289,0.0011391639709472656,0.0011250972747802734
442,0.00985407829284668,0.0011229515075683594,0.0010118484497070312
443,0.009892940521240234,0.0011022090911865234,0.001074075698852539
444,0.009857177734375,0.0011477470397949219,0.001071929931640625
445,0.009229183197021484,0.0011022090911865234,0.0010628700256347656
446,0.010280847549438477,0.0011141300201416016,0.0010750293731689453
447,0.010191917419433594,0.00109100341796875,0.0010581016540527344
448,0.010173320770263672,0.0011000633239746094,0.0011022090911865234
449,0.010134696960449219,0.0011029243469238281,0.001088857650756836
450,0.01024627685546875,0.0011219978332519531,0.0010209083557128906
451,0.010230779647827148,0.001107931137084961,0.0010528564453125
452,0.010186910629272461,0.001107931137084961,0.00098419189453125
453,0.010158061981201172,0.0010960102081298828,0.0009179115295410156
454,0.01024007797241211,0.0011401176452636719,0.0009980201721191406
455,0.010190248489379883,0.001110076904296875,0.001093149185180664
456,0.010265827178955078,0.001116037368774414,0.0011739730834960938
457,0.010249137878417969,0.0011098384857177734,0.0010638236999511719
458,0.010237932205200195,0.001096963882446289,0.0010731220245361328
459,0.010495185852050781,0.0011761188507080078,0.0009291172027587891
460,0.01032114028930664,0.0011272430419921875,0.00092315673828125
461,0.010296106338500977,0.0011053085327148438,0.0010848045349121094
462,0.010380983352661133,0.0011539459228515625,0.0010769367218017578
463,0.010742902755737305,0.001207113265991211,0.0011372566223144531
464,0.009268045425415039,0.0011219978332519531,0.0011668205261230469
465,0.009041786193847656,0.001039743423461914,0.0009732246398925781
466,0.009991884231567383,0.0011081695556640625,0.0011038780212402344
467,0.010249853134155273,0.0011141300201416016,0.0009288787841796875
468,0.010207176208496094,0.0011210441589355469,0.0009489059448242188
469,0.010273933410644531,0.0010979175567626953,0.0010492801666259766
470,0.010251045227050781,0.0010950565338134766,0.0010831356048583984
471,0.010190010070800781,0.0010979175567626953,0.001013040542602539
472,0.01019906997680664,0.001074075698852539,0.0010728836059570312
473,0.010203123092651367,0.0010972023010253906,0.0010731220245361328
474,0.010237932205200195,0.0010998249053955078,0.0011157989501953125
475,0.010205984115600586,0.001110076904296875,0.0009138584136962891
476,0.010289907455444336,0.0010848045349121094,0.0009140968322753906
477,0.010264158248901367,0.0011184215545654297,0.0010650157928466797
478,0.010260820388793945,0.0010809898376464844,0.0011420249938964844
479,0.010375261306762695,0.0011320114135742188,0.001024007797241211
480,0.010219097137451172,0.0010991096496582031,0.0010540485382080078
481,0.010309219360351562,0.001110076904296875,0.0009701251983642578
482,0.010185956954956055,0.0010938644409179688,0.0010988712310791016
483,0.010128021240234375,0.0011169910430908203,0.0010890960693359375
484,0.01020503044128418,0.0010960102081298828,0.0010559558868408203
485,0.01017308235168457,0.0011088848114013672,0.0010530948638916016
486,0.010272026062011719,0.0010962486267089844,0.001043081283569336
487,0.010296106338500977,0.0011069774627685547,0.0010030269622802734
488,0.010223865509033203,0.0010843276977539062,0.0010919570922851562
489,0.010264873504638672,0.001096963882446289,0.000978231430053711
490,0.010305166244506836,0.0011112689971923828,0.0010631084442138672
491,0.010282754898071289,0.0011110305786132812,0.0011088848114013672
492,0.010282039642333984,0.0011131763458251953,0.0010890960693359375
493,0.010272979736328125,0.0011069774627685547,0.0009121894836425781
494,0.010152101516723633,0.0010960102081298828,0.0010600090026855469
495,0.010187149047851562,0.0010972023010253906,0.0011501312255859375
496,0.0101470947265625,0.0011081695556640625,0.0010650157928466797
497,0.010182857513427734,0.0010991096496582031,0.0010387897491455078
498,0.010307788848876953,0.0011548995971679688,0.001154184341430664
499,0.010235786437988281,0.0010979175567626953,0.0010268688201904297
500,0.010263919830322266,0.0011088848114013672,0.0011012554168701172
501,0.01028299331665039,0.0010890960693359375,0.0011169910430908203
502,0.010264873504638672,0.0011019706726074219,0.0011150836944580078
503,0.010235071182250977,0.0010900497436523438,0.001010894775390625
504,0.010251998901367188,0.0011069774627685547,0.0010759830474853516
505,0.010189056396484375,0.0010898113250732422,0.0009181499481201172
506,0.010206937789916992,0.0011179447174072266,0.0010640621185302734
507,0.01022195816040039,0.0010929107666015625,0.0009160041809082031
508,0.010248899459838867,0.0011210441589355469,0.0010900497436523438
509,0.010236978530883789,0.0010879039764404297,0.0011262893676757812
510,0.010268926620483398,0.0011200904846191406,0.0010480880737304688
511,0.010239124298095703,0.001107931137084961,0.0010390281677246094
512,0.010229110717773438,0.0011179447174072266,0.0011703968048095703
513,0.010261058807373047,0.0010859966278076172,0.0010459423065185547
514,0.010321855545043945,0.0011181831359863281,0.0011019706726074219
515,0.01036691665649414,0.0011098384857177734,0.0009250640869140625
516,0.010256767272949219,0.001096963882446289,0.0010399818420410156
517,0.010137081146240234,0.0010898113250732422,0.001055002212524414
518,0.010307073593139648,0.0011119842529296875,0.000926971435546875
519,0.010210990905761719,0.0010919570922851562,0.0009970664978027344
520,0.010241985321044922,0.0011129379272460938,0.0010101795196533203
521,0.010173797607421875,0.0010988712310791016,0.0009169578552246094
522,0.010343074798583984,0.0011053085327148438,0.0009272098541259766
523,0.010236978530883789,0.001085042953491211,0.0010151863098144531
524,0.010250091552734375,0.0011129379272460938,0.0010750293731689453
525,0.010207891464233398,0.001096963882446289,0.0012519359588623047
526,0.01027679443359375,0.0011267662048339844,0.0009248256683349609
527,0.010342836380004883,0.0011241436004638672,0.0010750293731689453
528,0.01027822494506836,0.0011119842529296875,0.0011191368103027344
529,0.01026296615600586,0.0010979175567626953,0.0010509490966796875
530,0.010269880294799805,0.0011031627655029297,0.0009238719940185547
531,0.010311126708984375,0.0010960102081298828,0.0010480880737304688
532,0.010216951370239258,0.0011172294616699219,0.0010449886322021484
533,0.010158061981201172,0.0011038780212402344,0.0011010169982910156
534,0.010363101959228516,0.0012009143829345703,0.0010280609130859375
535,0.010200738906860352,0.0011141300201416016,0.0010688304901123047
536,0.010223865509033203,0.0011057853698730469,0.0010330677032470703
537,0.01022481918334961,0.0011081695556640625,0.001049041748046875
538,0.010499954223632812,0.0012068748474121094,0.0011098384857177734
539,0.009152889251708984,0.001123666763305664,0.0010440349578857422
540,0.009759902954101562,0.0010707378387451172,0.0008661746978759766
541,0.010084867477416992,0.001093149185180664,0.001046895980834961
542,0.010229110717773438,0.001088857650756836,0.0010478496551513672
543,0.010232210159301758,0.0010979175567626953,0.0011010169982910156
544,0.010238885879516602,0.0011026859283447266,0.0010559558868408203
545,0.010243892669677734,0.001104116439819336,0.0011458396911621094
546,0.010236024856567383,0.001077890396118164,0.0009160041809082031
547,0.010156869888305664,0.0011162757873535156,0.0009648799896240234
548,0.010121345520019531,0.0010819435119628906,0.0010528564453125
549,0.010227203369140625,0.0011181831359863281,0.0010552406311035156
550,0.010188102722167969,0.0010859966278076172,0.0010449886322021484
551,0.01018071174621582,0.0011279582977294922,0.001094818115234375
552,0.01021432876586914,0.001096963882446289,0.0010478496551513672
553,0.01028299331665039,0.0011262893676757812,0.0010638236999511719
554,0.010237932205200195,0.0010972023010253906,0.0010421276092529297
555,0.010251045227050781,0.001096963882446289,0.001046895980834961
556,0.010157108306884766,0.0010952949523925781,0.0010161399841308594
557,0.010143041610717773,0.0011229515075683594,0.0010590553283691406
558,0.010209083557128906,0.0010998249053955078,0.0010571479797363281
559,0.010231971740722656,0.001104116439819336,0.0010437965393066406
560,0.010213136672973633,0.0010919570922851562,0.0010809898376464844
561,0.010137796401977539,0.0011088848114013672,0.0010390281677246094
562,0.010258913040161133,0.0011432170867919922,0.0010879039764404297
563,0.010239124298095703,0.0011348724365234375,0.0009291172027587891
564,0.010250091552734375,0.0011017322540283203,0.0010631084442138672
565,0.01019597053527832,0.0011188983917236328,0.0010137557983398438
566,0.01022195816040039,0.0010881423950195312,0.0010030269622802734
567,0.010215282440185547,0.0011072158813476562,0.0010600090026855469
568,0.010198116302490234,0.0010881423950195312,0.0011019706726074219
569,0.010247230529785156,0.0011126995086669922,0.001049041748046875
570,0.010254144668579102,0.001096963882446289,0.0011110305786132812
571,0.010344982147216797,0.0011467933654785156,0.0009212493896484375
572,0.010290861129760742,0.0011000633239746094,0.0010428428649902344
573,0.010334014892578125,0.0011048316955566406,0.0009241104125976562
574,0.010273218154907227,0.0011358261108398438,0.0010399818420410156
575,0.010263204574584961,0.0011107921600341797,0.0010633468627929688
576,0.010309219360351562,0.0011129379272460938,0.0010650157928466797
577,0.010294914245605469,0.0011010169982910156,0.0010471343994140625
578,0.010284900665283203,0.0010921955108642578,0.0011219978332519531
579,0.010278940200805664,0.0010941028594970703,0.0010187625885009766
580,0.010274887084960938,0.0010995864868164062,0.0010459423065185547
581,0.01034092903137207,0.0011153221130371094,0.0010569095611572266
582,0.010303974151611328,0.0011241436004638672,0.0012521743774414062
583,0.010316133499145508,0.0010881423950195312,0.001119852066040039
584,0.010267257690429688,0.001123189926147461,0.0010790824890136719
585,0.01027989387512207,0.0010840892791748047,0.0010409355163574219
586,0.010293960571289062,0.001116037368774414,0.0009129047393798828
587,0.010219812393188477,0.0010960102081298828,0.0010590553283691406
588,0.010228872299194336,0.001107931137084961,0.0011830329895019531
589,0.010233879089355469,0.0011157989501953125,0.0010061264038085938
590,0.01023411750793457,0.0011010169982910156,0.0009169578552246094
591,0.010282039642333984,0.0011038780212402344,0.001051187515258789
592,0.010269880294799805,0.0011131763458251953,0.0009150505065917969
593,0.010274171829223633,0.0011069774627685547,0.0009279251098632812
594,0.010232925415039062,0.0011057853698730469,0.001024007797241211
595,0.010185956954956055,0.0011141300201416016,0.0010509490966796875
596,0.01027989387512207,0.001104116439819336,0.000988006591796875
597,0.010280847549438477,0.0010950565338134766,0.0010218620300292969
598,0.01027679443359375,0.0011219978332519531,0.0009188652038574219
599,0.010274887084960938,0.0011098384857177734,0.0010390281677246094
600,0.01034235954284668,0.001132965087890625,0.000965118408203125
601,0.010257959365844727,0.0010917186737060547,0.0009140968322753906
602,0.01025700569152832,0.0010938644409179688,0.001049041748046875
603,0.010270118713378906,0.001096963882446289,0.0010571479797363281
604,0.010265111923217773,0.0011072158813476562,0.0010099411010742188
605,0.010328054428100586,0.0010991096496582031,0.0010628700256347656
606,0.010287046432495117,0.0011107921600341797,0.0010082721710205078
607,0.010358095169067383,0.0011451244354248047,0.0010578632354736328
608,0.010210990905761719,0.0011022090911865234,0.0011031627655029297
609,0.010291099548339844,0.0011219978332519531,0.0010821819305419922
610,0.010203123092651367,0.001110076904296875,0.0010418891906738281
611,0.010113000869750977,0.0011110305786132812,0.0010008811950683594
612,0.01022481918334961,0.0011191368103027344,0.0009598731994628906
613,0.009325027465820312,0.0010979175567626953,0.0010371208190917969
614,0.009094953536987305,0.0010638236999511719,0.001035928726196289
615,0.008641958236694336,0.0009789466857910156,0.0009522438049316406
616,0.010055065155029297,0.0011072158813476562,0.0009210109710693359
617,0.010280847549438477,0.001094818115234375,0.0010509490966796875
618,0.010348796844482422,0.0010960102081298828,0.0010502338409423828
619,0.010277748107910156,0.0011010169982910156,0.001093149185180664
620,0.01030588150024414,0.0010859966278076172,0.0009198188781738281
621,0.010376214981079102,0.0011162757873535156,0.001068115234375
622,0.01031184196472168,0.001088857650756836,0.0010478496551513672
623,0.01034998893737793,0.0011169910430908203,0.0010538101196289062
624,0.01028299331665039,0.0010950565338134766,0.0011000633239746094
625,0.010303974151611328,0.0011179447174072266,0.0010418891906738281
626,0.009923934936523438,0.0010929107666015625,0.0010559558868408203
627,0.010226964950561523,0.0011272430419921875,0.0009150505065917969
628,0.010296106338500977,0.0010838508605957031,0.0010590553283691406
629,0.010329246520996094,0.001119852066040039,0.0011222362518310547
630,0.010205984115600586,0.0010859966278076172,0.0010528564453125
631,0.010334968566894531,0.0011382102966308594,0.00092315673828125
632,0.010246038436889648,0.0010900497436523438,0.0010101795196533203
633,0.010246992111206055,0.0011219978332519531,0.0010890960693359375
634,0.010266780853271484,0.0010943412780761719,0.0009620189666748047
635,0.010251045227050781,0.001112222671508789,0.0010449886322021484
636,0.010328054428100586,0.0011019706726074219,0.0010030269622802734
637,0.010280132293701172,0.0011069774627685547,0.0010690689086914062
638,0.010291337966918945,0.0010972023010253906,0.0010633468627929688
639,0.010291814804077148,0.0011088848114013672,0.0010461807250976562
640,0.010168075561523438,0.0010960102081298828,0.0010409355163574219
641,0.010185956954956055,0.0010998249053955078,0.0010530948638916016
642,0.010209083557128906,0.0010890960693359375,0.0010921955108642578
643,0.010251998901367188,0.0011088848114013672,0.0011441707611083984
644,0.010102033615112305,0.0011432170867919922,0.0011458396911621094
645,0.01056218147277832,0.0012187957763671875,0.0009710788726806641
646,0.010187149047851562,0.0011000633239746094,0.0010347366333007812
647,0.010160207748413086,0.0011057853698730469,0.001050710678100586
648,0.010258913040161133,0.0011031627655029297,0.0010499954223632812
649,0.010231971740722656,0.0011010169982910156,0.0010459423065185547
650,0.010236263275146484,0.0010960102081298828,0.0011599063873291016
651,0.010254144668579102,0.001096963882446289,0.0009140968322753906
652,0.010287046432495117,0.0011010169982910156,0.0010428428649902344
653,0.010221242904663086,0.0011091232299804688,0.0010690689086914062
654,0.010300874710083008,0.0011048316955566406,0.001051187515258789
655,0.010260820388793945,0.001100778579711914,0.0010650157928466797
656,0.010142803192138672,0.0010988712310791016,0.0010449886322021484
657,0.01014089584350586,0.0010843276977539062,0.0009291172027587891
658,0.010186910629272461,0.0011091232299804688,0.0010099411010742188
659,0.010207891464233398,0.0010991096496582031,0.0010459423065185547
660,0.01022791862487793,0.001116037368774414,0.0010449886322021484
661,0.01018977165222168,0.001085042953491211,0.0010411739349365234
662,0.010242223739624023,0.0011188983917236328,0.0009241104125976562
663,0.01017308235168457,0.0010890960693359375,0.0009179115295410156
664,0.010152101516723633,0.0011119842529296875,0.0010128021240234375
665,0.010183095932006836,0.0011010169982910156,0.0010418891906738281
666,0.010167121887207031,0.00110626220703125,0.0010209083557128906
667,0.010187149047851562,0.0010962486267089844,0.0011260509490966797
668,0.010236024856567383,0.0011148452758789062,0.0009248256683349609
669,0.01023411750793457,0.001094818115234375,0.0010628700256347656
670,0.010222911834716797,0.0011148452758789062,0.0009188652038574219
671,0.010368824005126953,0.0011019706726074219,0.001070261001586914
672,0.010207176208496094,0.0011012554168701172,0.0009360313415527344
673,0.010251998901367188,0.00109100341796875,0.0010502338409423828
674,0.010238170623779297,0.0010991096496582031,0.0009098052978515625
675,0.010268926620483398,0.0010960102081298828,0.0009701251983642578
676,0.010216951370239258,0.001104116439819336,0.0010428428649902344
677,0.01016092300415039,0.0011010169982910156,0.0009169578552246094
678,0.010149002075195312,0.0011088848114013672,0.0010533332824707031
679,0.010251045227050781,0.0010988712310791016,0.0010650157928466797
680,0.010275125503540039,0.001135110855102539,0.0009291172027587891
681,0.010204076766967773,0.0011348724365234375,0.0009243488311767578
682,0.01025700569152832,0.001104116439819336,0.0009758472442626953
683,0.010214805603027344,0.0011219978332519531,0.001027822494506836
684,0.010295867919921875,0.0011472702026367188,0.0010607242584228516
685,0.010243654251098633,0.001100778579711914,0.0010569095611572266
686,0.010256767272949219,0.0010929107666015625,0.0009160041809082031
687,0.01025390625,0.001100778579711914,0.0010361671447753906
688,0.010397911071777344,0.0011646747589111328,0.0011801719665527344
689,0.009224891662597656,0.0011248588562011719,0.0011019706726074219
690,0.009716033935546875,0.001035928726196289,0.0008640289306640625
691,0.010113000869750977,0.0011110305786132812,0.0010170936584472656
692,0.010286808013916016,0.001104116439819336,0.0010571479797363281
693,0.010233163833618164,0.0011141300201416016,0.0009160041809082031
694,0.010274887084960938,0.00109100341796875,0.0009772777557373047
695,0.010272741317749023,0.001123666763305664,0.0010552406311035156
696,0.010220050811767578,0.0011022090911865234,0.0010530948638916016
697,0.010165929794311523,0.0011241436004638672,0.0009200572967529297
698,0.010215997695922852,0.0010898113250732422,0.0009982585906982422
699,0.010195016860961914,0.0011131763458251953,0.0009160041809082031
700,0.010280847549438477,0.0010991096496582031,0.0009758472442626953
701,0.010313987731933594,0.0011150836944580078,0.0010502338409423828
702,0.010209798812866211,0.0010972023010253906,0.0010602474212646484
703,0.010258913040161133,0.0011179447174072266,0.0009160041809082031
704,0.010231733322143555,0.0010988712310791016,0.001035928726196289
705,0.010263919830322266,0.001107931137084961,0.0009191036224365234
706,0.010275840759277344,0.001104116439819336,0.0010411739349365234
707,0.010275125503540039,0.0011010169982910156,0.0009989738464355469
708,0.010190248489379883,0.0010950565338134766,0.0011241436004638672
709,0.010190010070800781,0.0011138916015625,0.0010547637939453125
710,0.010213136672973633,0.0011026859283447266,0.0011320114135742188
711,0.010308027267456055,0.0011320114135742188,0.0010859966278076172
712,0.01022481918334961,0.0011060237884521484,0.0010502338409423828
713,0.010262012481689453,0.001110076904296875,0.0011620521545410156
714,0.010221004486083984,0.0010991096496582031,0.0010180473327636719
715,0.010262012481689453,0.0010952949523925781,0.0010440349578857422
716,0.010274171829223633,0.0011267662048339844,0.0010569095611572266
717,0.010259866714477539,0.0011019706726074219,0.0011348724365234375
718,0.010277986526489258,0.0010929107666015625,0.0010499954223632812
719,0.01028585433959961,0.0010838508605957031,0.001130819320678711
720,0.010302066802978516,0.0011069774627685547,0.0010218620300292969
721,0.010285139083862305,0.0011050701141357422,0.0010519027709960938
722,0.010230779647827148,0.0010979175567626953,0.0010418891906738281
723,0.010234832763671875,0.0010843276977539062,0.0009138584136962891
724,0.010250091552734375,0.0011050701141357422,0.0011138916015625
725,0.010169029235839844,0.001100778579711914,0.0010478496551513672
726,0.010203838348388672,0.0011026859283447266,0.0011539459228515625
727,0.010152816772460938,0.0010950565338134766,0.0009131431579589844
728,0.01019597053527832,0.0011091232299804688,0.0009579658508300781
729,0.010251998901367188,0.0011000633239746094,0.0010433197021484375
730,0.010261058807373047,0.0011169910430908203,0.0010619163513183594
731,0.010236263275146484,0.0010821819305419922,0.0009920597076416016
732,0.010291814804077148,0.0011227130889892578,0.0010538101196289062
733,0.01030874252319336,0.0010859966278076172,0.0010118484497070312
734,0.010251998901367188,0.0011131763458251953,0.0010509490966796875
735,0.010303974151611328,0.0011000633239746094,0.0010471343994140625
736,0.010168075561523438,0.0011081695556640625,0.0011200904846191406
737,0.010188102722167969,0.0010881423950195312,0.0010418891906738281
738,0.010128021240234375,0.0011141300201416016,0.0009517669677734375
739,0.01011204719543457,0.0010941028594970703,0.0009710788726806641
740,0.01017308235168457,0.0011229515075683594,0.0009171962738037109
741,0.010210037231445312,0.0010938644409179688,0.001049041748046875
742,0.01024007797241211,0.0011229515075683594,0.0010819435119628906
743,0.010340213775634766,0.0011470317840576172,0.0013229846954345703
744,0.010596036911010742,0.0013968944549560547,0.0009622573852539062
745,0.010451078414916992,0.001146078109741211,0.0010759830474853516
746,0.010365009307861328,0.0011489391326904297,0.0011889934539794922
747,0.010299921035766602,0.0011289119720458984,0.0010800361633300781
748,0.010312080383300781,0.001110076904296875,0.0009238719940185547
749,0.010265111923217773,0.0011069774627685547,0.001068115234375
750,0.010313034057617188,0.0011551380157470703,0.0010838508605957031
751,0.010268211364746094,0.0011067390441894531,0.0010640621185302734
752,0.0102691650390625,0.0011060237884521484,0.0009222030639648438
753,0.010465860366821289,0.001135110855102539,0.0010118484497070312
754,0.010593891143798828,0.001168966293334961,0.0009360313415527344
755,0.01019597053527832,0.001110076904296875,0.0010640621185302734
756,0.009411096572875977,0.0010991096496582031,0.0011162757873535156
757,0.010267257690429688,0.0010921955108642578,0.001024007797241211
758,0.010301828384399414,0.0011210441589355469,0.0010685920715332031
759,0.010226964950561523,0.001088857650756836,0.001046895980834961
760,0.010229110717773438,0.0010988712310791016,0.0010480880737304688
761,0.010246992111206055,0.0011129379272460938,0.0011599063873291016
762,0.010215997695922852,0.001100778579711914,0.0009171962738037109
763,0.009324073791503906,0.001093149185180664,0.0010101795196533203
764,0.009193897247314453,0.0011339187622070312,0.0009789466857910156
765,0.009603023529052734,0.0010480880737304688,0.0009050369262695312
766,0.010047197341918945,0.0011019706726074219,0.001065969467163086
767,0.010222673416137695,0.0011227130889892578,0.0010280609130859375
768,0.010220050811767578,0.0010921955108642578,0.0010571479797363281
769,0.01024007797241211,0.0011148452758789062,0.0011391639709472656
770,0.010205984115600586,0.0010957717895507812,0.001062154769897461
771,0.010213851928710938,0.0011153221130371094,0.0009119510650634766
772,0.010205984115600586,0.0010840892791748047,0.0009138584136962891
773,0.010251045227050781,0.0011000633239746094,0.0010187625885009766
774,0.010209083557128906,0.0011050701141357422,0.0011322498321533203
775,0.01027989387512207,0.0011277198791503906,0.0009250640869140625
776,0.010514020919799805,0.001149892807006836,0.0010650157928466797
777,0.010293006896972656,0.0011038780212402344,0.0010559558868408203
778,0.010272979736328125,0.001096963882446289,0.001077890396118164
779,0.009446859359741211,0.0010349750518798828,0.0008590221405029297
780,0.00968027114868164,0.0011091232299804688,0.0009169578552246094
781,0.009632110595703125,0.0011060237884521484,0.0009260177612304688
782,0.01014399528503418,0.0010991096496582031,0.0010471343994140625
783,0.010190010070800781,0.001094818115234375,0.0009181499481201172
784,0.010242938995361328,0.0011000633239746094,0.0010540485382080078
785,0.010325908660888672,0.001165151596069336,0.0009253025054931641
786,0.010427236557006836,0.0011410713195800781,0.0010538101196289062
787,0.010370016098022461,0.0011670589447021484,0.0008912086486816406
788,0.009032964706420898,0.0010409355163574219,0.0008790493011474609
789,0.009538888931274414,0.0010869503021240234,0.0009860992431640625
790,0.009124994277954102,0.001039743423461914,0.0011589527130126953
791,0.009189128875732422,0.0010628700256347656,0.0010008811950683594
792,0.00909280776977539,0.0010578632354736328,0.0010669231414794922
793,0.009116172790527344,0.0010390281677246094,0.0010361671447753906
794,0.00906229019165039,0.0010149478912353516,0.0010480880737304688
795,0.009230852127075195,0.001138925552368164,0.00096893310546875
796,0.009203910827636719,0.0011150836944580078,0.0010459423065185547
797,0.009507179260253906,0.0010609626770019531,0.0008530616760253906
798,0.009069204330444336,0.0010519027709960938,0.0009279251098632812
799,0.00899195671081543,0.0010192394256591797,0.0008578300476074219
800,0.009102106094360352,0.0011088848114013672,0.0008683204650878906
801,0.00914311408996582,0.0010418891906738281,0.0011641979217529297
802,0.00899815559387207,0.0010650157928466797,0.0010030269622802734
803,0.009070158004760742,0.0010187625885009766,0.0010559558868408203
804,0.008844137191772461,0.0010030269622802734,0.0008530616760253906
805,0.008985757827758789,0.0010340213775634766,0.000985860824584961
806,0.008919954299926758,0.0010647773742675781,0.001035928726196289
807,0.008931875228881836,0.0009872913360595703,0.0009348392486572266
808,0.008849143981933594,0.0010790824890136719,0.0010259151458740234
809,0.009205102920532227,0.0010449886322021484,0.0010068416595458984
810,0.009182929992675781,0.0010628700256347656,0.0009701251983642578
811,0.00922393798828125,0.0010499954223632812,0.0009970664978027344
812,0.008891105651855469,0.0010747909545898438,0.0010118484497070312
813,0.009168863296508789,0.0010559558868408203,0.0009930133819580078
814,0.009070158004760742,0.0010302066802978516,0.0010159015655517578
815,0.009138822555541992,0.0010590553283691406,0.001135110855102539
816,0.008804082870483398,0.0009968280792236328,0.0009531974792480469
817,0.010378837585449219,0.0011167526245117188,0.0010218620300292969
818,0.010331153869628906,0.0011110305786132812,0.0009200572967529297
819,0.010339975357055664,0.0011000633239746094,0.0010628700256347656
820,0.01022195816040039,0.0011239051818847656,0.0011608600616455078
821,0.01023101806640625,0.0010979175567626953,0.0010640621185302734
822,0.010235071182250977,0.001107931137084961,0.0009143352508544922
823,0.010298013687133789,0.0011010169982910156,0.0009219646453857422
824,0.010140180587768555,0.001112222671508789,0.0009119510650634766
825,0.010352134704589844,0.001112222671508789,0.001065969467163086
826,0.01033329963684082,0.0011248588562011719,0.000926971435546875
827,0.010297775268554688,0.0011370182037353516,0.0010650157928466797
828,0.010272026062011719,0.0011000633239746094,0.001171112060546875
829,0.010210037231445312,0.0011019706726074219,0.0010237693786621094
830,0.010257959365844727,0.001111745834350586,0.0010533332824707031
831,0.010386943817138672,0.0010972023010253906,0.001062154769897461
832,0.010415077209472656,0.0011088848114013672,0.0010080337524414062
833,0.010308265686035156,0.001107931137084961,0.0010859966278076172
834,0.010217428207397461,0.00109100341796875,0.0009140968322753906
835,0.010231971740722656,0.0010941028594970703,0.0009226799011230469
836,0.010392189025878906,0.0010979175567626953,0.0009119510650634766
837,0.010273218154907227,0.0011217594146728516,0.0009131431579589844
838,0.010247945785522461,0.0011129379272460938,0.0010733604431152344
839,0.0103759765625,0.0011789798736572266,0.0010628700256347656
840,0.009168148040771484,0.0010828971862792969,0.0010001659393310547
841,0.008865118026733398,0.0010182857513427734,0.0009992122650146484
842,0.01022791862487793,0.0011000633239746094,0.0011119842529296875
843,0.010329008102416992,0.0011279582977294922,0.0009191036224365234
844,0.010190963745117188,0.0011048316955566406,0.0010571479797363281
845,0.010264158248901367,0.001104116439819336,0.0010480880737304688
846,0.010252237319946289,0.0011119842529296875,0.0010943412780761719
847,0.010376214981079102,0.001110076904296875,0.0009138584136962891
848,0.010161161422729492,0.001096963882446289,0.0010488033294677734
849,0.010277271270751953,0.0011126995086669922,0.0010609626770019531
850,0.010257959365844727,0.0011048316955566406,0.001024007797241211
851,0.010218381881713867,0.0011153221130371094,0.0009288787841796875
852,0.010229825973510742,0.0011069774627685547,0.0010628700256347656
853,0.010352849960327148,0.0011022090911865234,0.0009160041809082031
854,0.010110855102539062,0.001100778579711914,0.0009112358093261719
855,0.010313987731933594,0.001096963882446289,0.001071929931640625
856,0.010279178619384766,0.001094818115234375,0.0010409355163574219
857,0.010167837142944336,0.0011017322540283203,0.0009300708770751953
858,0.010452985763549805,0.0010950565338134766,0.0010938644409179688
859,0.010137796401977539,0.001135110855102539,0.0011320114135742188
860,0.010210037231445312,0.0011069774627685547,0.0010499954223632812
861,0.01020503044128418,0.0011110305786132812,0.0009098052978515625
862,0.010259151458740234,0.0011310577392578125,0.0010769367218017578
863,0.010598897933959961,0.0013768672943115234,0.0015480518341064453
864,0.010584115982055664,0.0011992454528808594,0.0009610652923583984
865,0.008993864059448242,0.001058816909790039,0.0009741783142089844
866,0.009065866470336914,0.001055002212524414,0.0009119510650634766
867,0.008949041366577148,0.0010538101196289062,0.0010519027709960938
868,0.009090900421142578,0.0010569095611572266,0.0009639263153076172
869,0.009140968322753906,0.0010707378387451172,0.0008959770202636719
870,0.00913691520690918,0.0010509490966796875,0.0010030269622802734
871,0.01005697250366211,0.0011289119720458984,0.0009191036224365234
872,0.010133981704711914,0.001132965087890625,0.0010590553283691406
873,0.01023101806640625,0.001116037368774414,0.001065969467163086
874,0.010325908660888672,0.001132965087890625,0.0009322166442871094
875,0.010367870330810547,0.0011267662048339844,0.0010721683502197266
876,0.009090900421142578,0.001049041748046875,0.0008389949798583984
877,0.00890803337097168,0.0010190010070800781,0.0009739398956298828
878,0.009193897247314453,0.0010838508605957031,0.0010480880737304688
879,0.009186983108520508,0.0010428428649902344,0.000997304916381836
880,0.00919795036315918,0.0010797977447509766,0.0008871555328369141
881,0.00917506217956543,0.0010271072387695312,0.0009732246398925781
882,0.008825063705444336,0.0010597705841064453,0.0010449886322021484
883,0.008882761001586914,0.0010290145874023438,0.0010161399841308594
884,0.009974956512451172,0.00121307373046875,0.0010440349578857422
885,0.008973836898803711,0.001071929931640625,0.0011529922485351562
886,0.009110689163208008,0.001119375228881836,0.0010559558868408203
887,0.008985042572021484,0.001035928726196289,0.0012631416320800781
888,0.010102033615112305,0.0011909008026123047,0.0010671615600585938
889,0.01028895378112793,0.00110626220703125,0.0010581016540527344
890,0.0102691650390625,0.00110626220703125,0.0009229183197021484
891,0.01039576530456543,0.0011088848114013672,0.001119852066040039
892,0.010255813598632812,0.0011200904846191406,0.0009379386901855469
893,0.010236263275146484,0.0011000633239746094,0.0010738372802734375
894,0.010336875915527344,0.0011248588562011719,0.0009217262268066406
895,0.010276079177856445,0.0011188983917236328,0.001116037368774414
896,0.010282039642333984,0.0011069774627685547,0.0011289119720458984
897,0.01031494140625,0.0011000633239746094,0.0010302066802978516
898,0.010237932205200195,0.0011048316955566406,0.0009119510650634766
899,0.01024484634399414,0.0011026859283447266,0.0011000633239746094
900,0.010162830352783203,0.001112222671508789,0.0011677742004394531
901,0.01039576530456543,0.0011348724365234375,0.0010349750518798828
902,0.01027989387512207,0.0011436939239501953,0.0010669231414794922
903,0.01031494140625,0.0011310577392578125,0.0009448528289794922
904,0.010241031646728516,0.0011126995086669922,0.001065969467163086
905,0.010272979736328125,0.0011179447174072266,0.0011358261108398438
906,0.010323047637939453,0.0011589527130126953,0.0011258125305175781
907,0.010288238525390625,0.0011091232299804688,0.0010571479797363281
908,0.010182857513427734,0.0011088848114013672,0.0011239051818847656
909,0.010259151458740234,0.0011091232299804688,0.0010921955108642578
910,0.010254144668579102,0.0011057853698730469,0.0009992122650146484
911,0.01041102409362793,0.0011091232299804688,0.0010759830474853516
912,0.010189056396484375,0.0011069774627685547,0.0010869503021240234
913,0.01024484634399414,0.0011010169982910156,0.0010790824890136719
914,0.01032876968383789,0.0010838508605957031,0.0011410713195800781
915,0.009389162063598633,0.0011119842529296875,0.001065969467163086
916,0.009028911590576172,0.0010678768157958984,0.0009667873382568359
917,0.009999275207519531,0.0011248588562011719,0.0010771751403808594
918,0.010197162628173828,0.0011050701141357422,0.0010519027709960938
919,0.01025700569152832,0.0011241436004638672,0.001123189926147461
920,0.010170936584472656,0.0010900497436523438,0.0010478496551513672
921,0.010189056396484375,0.0011451244354248047,0.0010838508605957031
922,0.010350942611694336,0.0010998249053955078,0.0011138916015625
923,0.010241031646728516,0.0011088848114013672,0.0010437965393066406
924,0.010226726531982422,0.00109100341796875,0.0010988712310791016
925,0.010164976119995117,0.0011088848114013672,0.0010280609130859375
926,0.010277748107910156,0.0010981559753417969,0.0010521411895751953
927,0.010285139083862305,0.0011320114135742188,0.0010716915130615234
928,0.010162830352783203,0.001092672348022461,0.001138925552368164
929,0.010166168212890625,0.0011131763458251953,0.0010519027709960938
930,0.01017904281616211,0.001104116439819336,0.0010480880737304688
931,0.010313272476196289,0.0011060237884521484,0.0010230541229248047
932,0.01024007797241211,0.0010917186737060547,0.0010459423065185547
933,0.010425806045532227,0.001107931137084961,0.001142740249633789
934,0.010277032852172852,0.0011048316955566406,0.001049041748046875
935,0.01036691665649414,0.0011646747589111328,0.0009181499481201172
936,0.010153055191040039,0.0010852813720703125,0.0009388923645019531
937,0.010277986526489258,0.0011639595031738281,0.0009768009185791016
938,0.010278940200805664,0.0011072158813476562,0.0010559558868408203
939,0.010212182998657227,0.0011248588562011719,0.0010721683502197266
940,0.010169029235839844,0.0010900497436523438,0.0010559558868408203
941,0.010180234909057617,0.0011026859283447266,0.0011661052703857422
942,0.01024317741394043,0.0010943412780761719,0.0010509490966796875
943,0.010141849517822266,0.0010938644409179688,0.0009152889251708984
944,0.010210990905761719,0.0011210441589355469,0.0010256767272949219
945,0.010210037231445312,0.0010979175567626953,0.0010709762573242188
946,0.010155916213989258,0.0010790824890136719,0.0010528564453125
947,0.010137796401977539,0.0010919570922851562,0.0009143352508544922
948,0.010301828384399414,0.001107931137084961,0.0010519027709960938
949,0.010233879089355469,0.0010929107666015625,0.000926971435546875
950,0.010383844375610352,0.0010957717895507812,0.0009169578552246094
951,0.010205984115600586,0.001094818115234375,0.0009219646453857422
952,0.01017904281616211,0.0011022090911865234,0.0010387897491455078
953,0.010342836380004883,0.0010848045349121094,0.0009150505065917969
954,0.01019597053527832,0.001107931137084961,0.001043081283569336
955,0.01029515266418457,0.0010988712310791016,0.0010538101196289062
956,0.010280132293701172,0.001096963882446289,0.001051187515258789
957,0.010291814804077148,0.0010960102081298828,0.0009186267852783203
958,0.010252952575683594,0.0011227130889892578,0.0011053085327148438
959,0.010238170623779297,0.0010821819305419922,0.0012149810791015625
960,0.010253190994262695,0.0011219978332519531,0.00102996826171875
961,0.010273218154907227,0.0010972023010253906,0.001043081283569336
962,0.010322809219360352,0.0011162757873535156,0.0010669231414794922
963,0.010368824005126953,0.0011038780212402344,0.0010700225830078125
964,0.010337591171264648,0.0011219978332519531,0.0010528564453125
965,0.010390758514404297,0.0010960102081298828,0.0010199546813964844
966,0.010221242904663086,0.0011241436004638672,0.001046895980834961
967,0.010266780853271484,0.0010919570922851562,0.0010819435119628906
968,0.010383129119873047,0.0011210441589355469,0.0011470317840576172
969,0.010422229766845703,0.0011069774627685547,0.0010690689086914062
970,0.01031804084777832,0.001110076904296875,0.001055002212524414
971,0.010190010070800781,0.0010981559753417969,0.0010728836059570312
972,0.010264158248901367,0.0011107921600341797,0.0011572837829589844
973,0.01044607162475586,0.001154184341430664,0.0010218620300292969
974,0.010335206985473633,0.0011301040649414062,0.0010640621185302734
975,0.010250091552734375,0.001094818115234375,0.0010602474212646484
976,0.010220050811767578,0.001110076904296875,0.0012259483337402344
977,0.01027679443359375,0.0010938644409179688,0.0010521411895751953
978,0.010281801223754883,0.0011179447174072266,0.0010590553283691406
979,0.010215997695922852,0.0010907649993896484,0.0010840892791748047
980,0.010242223739624023,0.00110626220703125,0.0010600090026855469
981,0.010233163833618164,0.0011026859283447266,0.0010209083557128906
982,0.010309934616088867,0.0010957717895507812,0.0009288787841796875
983,0.010306119918823242,0.0011069774627685547,0.0010619163513183594
984,0.010437965393066406,0.0011339187622070312,0.0011630058288574219
985,0.010205984115600586,0.0011098384857177734,0.0010769367218017578
986,0.010327816009521484,0.0011153221130371094,0.0010769367218017578
987,0.01037907600402832,0.00109100341796875,0.0011577606201171875
988,0.01028585433959961,0.0010921955108642578,0.0010938644409179688
989,0.010349035263061523,0.0011680126190185547,0.0011930465698242188
990,0.009234905242919922,0.0010409355163574219,0.0008680820465087891
991,0.009146928787231445,0.0010633468627929688,0.0010769367218017578
992,0.01014399528503418,0.0010950565338134766,0.0011799335479736328
993,0.010288000106811523,0.0011229515075683594,0.0010690689086914062
994,0.010247945785522461,0.0010900497436523438,0.0009918212890625
995,0.010294198989868164,0.0011181831359863281,0.0010528564453125
996,0.01023721694946289,0.0010840892791748047,0.0010519027709960938
997,0.010292291641235352,0.0011317729949951172,0.0010540485382080078
998,0.010238170623779297,0.0010869503021240234,0.0010149478912353516
999,0.010301351547241211,0.0011169910430908203,0.0010151863098144531
